{"cameraMode":{"drawMode":0,"name":"Shaded","section":"Shading Mode"},"sceneLighting":true,"audioPlay":false,"sceneViewState":{"showFog":true,"showMaterialUpdate":true,"showSkybox":true,"showFlares":true,"showImageEffects":true,"showParticleSystems":true},"in2DMode":false,"pivot":{"x":41.40011978149414,"y":56.952613830566409,"z":54.20000076293945},"rotation":{"x":-0.051526959985494617,"y":-0.9376976490020752,"z":0.1584509313106537,"w":-0.3049134314060211},"size":3.1770267486572267,"orthographic":false}