{"cameraMode":{"drawMode":0,"name":"Shaded","section":"Shading Mode"},"sceneLighting":false,"audioPlay":false,"sceneViewState":{"showFog":false,"showMaterialUpdate":false,"showSkybox":false,"showFlares":false,"showImageEffects":false,"showParticleSystems":false},"in2DMode":false,"pivot":{"x":5.281351566314697,"y":1.1930700540542603,"z":1.94668710231781},"rotation":{"x":-0.047946494072675708,"y":0.6669688820838928,"z":-0.04307767003774643,"w":-0.7423048615455627},"size":13.72512435913086,"orthographic":true}