{"cameraMode":{"drawMode":0,"name":"Shaded","section":"Shading Mode"},"sceneLighting":true,"audioPlay":false,"sceneViewState":{"showFog":false,"showMaterialUpdate":false,"showSkybox":false,"showFlares":false,"showImageEffects":false,"showParticleSystems":false},"in2DMode":false,"pivot":{"x":1.7191834449768067,"y":-2.316315174102783,"z":1.5456243753433228},"rotation":{"x":0.11608527600765228,"y":-0.6851763129234314,"z":0.11197996884584427,"w":0.7102969884872437},"size":10.705787658691407,"orthographic":true}