{"cameraMode":{"drawMode":0,"name":"Shaded","section":"Shading Mode"},"sceneLighting":true,"audioPlay":false,"sceneViewState":{"showFog":false,"showMaterialUpdate":false,"showSkybox":false,"showFlares":false,"showImageEffects":false,"showParticleSystems":false},"in2DMode":false,"pivot":{"x":5.27620792388916,"y":1.1358038187026978,"z":1.94471275806427},"rotation":{"x":-0.006323427427560091,"y":0.7117290496826172,"z":-0.006404024548828602,"w":-0.7024046778678894},"size":14.077424049377442,"orthographic":true}