{"cameraMode":{"drawMode":0,"name":"Shaded","section":"Shading Mode"},"sceneLighting":true,"audioPlay":false,"sceneViewState":{"showFog":false,"showMaterialUpdate":false,"showSkybox":false,"showFlares":false,"showImageEffects":false,"showParticleSystems":false},"in2DMode":false,"pivot":{"x":3.918759822845459,"y":-0.8781211972236633,"z":7.599392890930176},"rotation":{"x":0.02835042215883732,"y":-0.6157976388931274,"z":0.022174295037984849,"w":0.7870917916297913},"size":15.873353958129883,"orthographic":true}