{"cameraMode":{"drawMode":0,"name":"Shaded","section":"Shading Mode"},"sceneLighting":true,"audioPlay":false,"sceneViewState":{"showFog":true,"showMaterialUpdate":false,"showSkybox":true,"showFlares":true,"showImageEffects":true,"showParticleSystems":true},"in2DMode":false,"pivot":{"x":86.9000015258789,"y":36.399452209472659,"z":66.80000305175781},"rotation":{"x":0.024553870782256128,"y":0.9696200489997864,"z":-0.21733497083187104,"w":0.1095447912812233},"size":12.963837623596192,"orthographic":true}